FIPS,State,County,Year,% Fair/Poor,Physically Unhealthy Days,Mentally Unhealthy Days,% LBW,% Children in Poverty
6001,California,Alameda,2010,14,3.1,3.5,7,14
6003,California,Alpine,2010,,,,,24
6005,California,Amador,2010,18,3.8,3.5,5,14
6007,California,Butte,2010,14,4.0,3.6,6,21
6009,California,Calaveras,2010,14,4.5,2.3,6,14
6011,California,Colusa,2010,,,,4,19
6013,California,Contra Costa,2010,14,3.4,3.8,7,12
6015,California,Del Norte,2010,,6.4,6.4,5,31
6017,California,El Dorado,2010,11,2.5,2.8,6,10
6019,California,Fresno,2010,18,4.0,3.4,7,29
6021,California,Glenn,2010,,2.5,5.0,5,23
6023,California,Humboldt,2010,13,4.9,4.1,6,21
6025,California,Imperial,2010,31,4.8,5.1,6,28
6027,California,Inyo,2010,,2.3,4.5,7,16
6029,California,Kern,2010,24,4.6,4.4,7,25
6031,California,Kings,2010,24,3.9,2.9,6,21
6033,California,Lake,2010,19,4.8,3.9,6,27
6035,California,Lassen,2010,,,,7,17
6037,California,Los Angeles,2010,22,3.8,3.8,7,21
6039,California,Madera,2010,32,6.2,4.1,6,24
6041,California,Marin,2010,7,2.9,2.0,6,7
6043,California,Mariposa,2010,,,,6,17
6045,California,Mendocino,2010,13,3.6,3.4,6,22
6047,California,Merced,2010,25,3.9,4.2,6,26
6049,California,Modoc,2010,,,,6,30
6051,California,Mono,2010,,,,8,12
6053,California,Monterey,2010,23,3.4,3.4,6,17
6055,California,Napa,2010,13,3.5,4.1,6,11
6057,California,Nevada,2010,11,2.8,3.4,6,12
6059,California,Orange,2010,15,3.0,3.1,6,12
6061,California,Placer,2010,8,3.3,3.3,6,7
6063,California,Plumas,2010,2,4.7,3.3,6,17
6065,California,Riverside,2010,17,3.7,3.7,6,16
6067,California,Sacramento,2010,13,3.5,4.0,7,18
6069,California,San Benito,2010,16,2.0,3.2,5,12
6071,California,San Bernardino,2010,19,4.0,3.9,7,17
6073,California,San Diego,2010,15,3.3,3.4,6,15
6075,California,San Francisco,2010,13,3.0,3.2,7,13
6077,California,San Joaquin,2010,19,3.8,3.9,7,19
6079,California,San Luis Obispo,2010,12,2.6,4.4,6,12
6081,California,San Mateo,2010,12,3.1,2.7,6,7
6083,California,Santa Barbara,2010,19,3.8,3.5,6,15
6085,California,Santa Clara,2010,14,3.0,2.8,6,10
6087,California,Santa Cruz,2010,16,3.0,3.6,5,14
6089,California,Shasta,2010,12,3.5,3.8,6,21
6091,California,Sierra,2010,,,,,18
6093,California,Siskiyou,2010,,4.2,5.1,7,25
6095,California,Solano,2010,14,3.7,3.4,7,13
6097,California,Sonoma,2010,15,4.1,4.2,5,11
6099,California,Stanislaus,2010,23,4.7,3.6,6,18
6101,California,Sutter,2010,,4.8,2.6,6,18
6103,California,Tehama,2010,25,6.3,3.7,6,27
6105,California,Trinity,2010,,,,6,27
6107,California,Tulare,2010,24,4.7,4.5,6,32
6109,California,Tuolumne,2010,16,4.1,4.0,5,18
6111,California,Ventura,2010,14,3.6,3.9,6,12
6113,California,Yolo,2010,15,4.2,3.5,5,15
6115,California,Yuba,2010,17,5.2,3.6,7,27
6001,California,Alameda,2011,14.3,3,3.3,7.07,12.9
6003,California,Alpine,2011,,,,,28.2
6005,California,Amador,2011,19.4,4.6,4.2,4.9,13.6
6007,California,Butte,2011,12.9,4,3.8,5.91,26
6009,California,Calaveras,2011,16.4,4,3,5.85,17
6011,California,Colusa,2011,,,,4.17,19.4
6013,California,Contra Costa,2011,14.7,3.6,3.9,6.63,12.4
6015,California,Del Norte,2011,,6.3,6.9,5.14,31.5
6017,California,El Dorado,2011,9.9,2.5,2.6,6.29,10.3
6019,California,Fresno,2011,19.5,4.2,3.6,6.97,31.3
6021,California,Glenn,2011,,3.9,5.5,4.82,26.2
6023,California,Humboldt,2011,13,4.5,4.3,5.9,24.4
6025,California,Imperial,2011,31.7,4.9,4,5.84,28.1
6027,California,Inyo,2011,,3,4.8,7.22,17.5
6029,California,Kern,2011,24.4,4.5,4.5,6.92,26.6
6031,California,Kings,2011,23.2,4.1,3,6.35,22.5
6033,California,Lake,2011,18.9,4.8,4.1,6.32,24.7
6035,California,Lassen,2011,13.2,4.3,3.5,6.49,20.5
6037,California,Los Angeles,2011,22.1,3.9,3.7,7.08,21.8
6039,California,Madera,2011,32,6.5,4.3,6.25,27
6041,California,Marin,2011,7.9,3.2,2.1,6.14,8.4
6043,California,Mariposa,2011,,3.2,4.5,5.65,20.1
6045,California,Mendocino,2011,12.5,3.4,3.5,6.07,24.8
6047,California,Merced,2011,26.4,3.8,4.1,6.19,28.8
6049,California,Modoc,2011,,,,6.06,29.8
6051,California,Mono,2011,9.7,4.4,3.6,8.78,14.2
6053,California,Monterey,2011,21.5,3.6,3.6,5.92,18.1
6055,California,Napa,2011,16,3.8,4.3,5.69,11.5
6057,California,Nevada,2011,10.1,2.7,2.9,6.35,13.5
6059,California,Orange,2011,15.1,3.1,3.1,6.2,13.4
6061,California,Placer,2011,8.2,3.3,3.2,5.72,7.6
6063,California,Plumas,2011,5.6,3.7,3.2,6.13,19.9
6065,California,Riverside,2011,18.5,3.8,3.9,6.35,17
6067,California,Sacramento,2011,13.5,3.5,3.9,6.82,19
6069,California,San Benito,2011,15.7,2.7,2.2,5.37,14.2
6071,California,San Bernardino,2011,19.5,4.1,4.1,6.97,20.6
6073,California,San Diego,2011,15.1,3.3,3.4,6.41,16.6
6075,California,San Francisco,2011,14.9,3.1,3.4,7.07,13.6
6077,California,San Joaquin,2011,19.1,3.7,4,6.73,22
6079,California,San Luis Obispo,2011,11.9,3.1,4,5.99,12.8
6081,California,San Mateo,2011,13.3,3,2.8,6.55,8
6083,California,Santa Barbara,2011,19.9,3.7,2.9,6.4,15.7
6085,California,Santa Clara,2011,14.9,3.1,2.7,6.47,9.4
6087,California,Santa Cruz,2011,16.1,2.9,3.8,5.46,16.9
6089,California,Shasta,2011,12.3,3.8,3.7,6.16,23.9
6091,California,Sierra,2011,,,,,19.1
6093,California,Siskiyou,2011,,3.5,5,7.46,25.4
6095,California,Solano,2011,14.5,3.7,3.4,7.02,12
6097,California,Sonoma,2011,15.1,4.2,4.4,5.48,12.8
6099,California,Stanislaus,2011,22.8,4.2,3.5,6.47,19.6
6101,California,Sutter,2011,27.3,3.9,2.9,5.68,21.5
6103,California,Tehama,2011,26.7,6.1,4.7,5.57,25.5
6105,California,Trinity,2011,,4.7,9.6,5.81,31.6
6107,California,Tulare,2011,25.4,4.7,4.8,5.94,30.7
6109,California,Tuolumne,2011,15.2,4.1,4.2,4.87,18.1
6111,California,Ventura,2011,14.2,3.6,3.9,6.46,11.6
6113,California,Yolo,2011,13.4,3.8,3.1,5.37,14.7
6115,California,Yuba,2011,20.1,3.7,3.7,6.77,23.9
6001,California,Alameda,2012,15.1,3.1,3.4,7.1,17.2
6003,California,Alpine,2012,,,,,29.2
6005,California,Amador,2012,17.5,4.2,4.1,4.8,17
6007,California,Butte,2012,14.2,4.3,4.3,5.9,25.1
6009,California,Calaveras,2012,14.2,4.1,2.9,6.3,18.3
6011,California,Colusa,2012,,3.8,1.7,4.8,22.9
6013,California,Contra Costa,2012,14.9,3.4,3.6,6.6,12.7
6015,California,Del Norte,2012,,6.6,5.5,5.3,30.6
6017,California,El Dorado,2012,10,2.6,2.8,6.5,11.6
6019,California,Fresno,2012,20.4,4,3.5,7.2,38.2
6021,California,Glenn,2012,,3.6,4.2,4.6,25.6
6023,California,Humboldt,2012,14,4.4,4.3,6.1,22
6025,California,Imperial,2012,30.9,4.8,3.8,6.1,31.8
6027,California,Inyo,2012,,2.9,5,8.2,20.5
6029,California,Kern,2012,24.4,4.4,4.1,7,30.3
6031,California,Kings,2012,22.6,4.4,3.8,6.4,29.7
6033,California,Lake,2012,21.8,4.4,3.9,6.2,29.8
6035,California,Lassen,2012,15.8,3.8,3.7,6,18.7
6037,California,Los Angeles,2012,22.4,3.8,3.7,7.2,24.5
6039,California,Madera,2012,31.3,5.7,4.5,6.3,31.7
6041,California,Marin,2012,8.1,3.4,2.3,6.4,10.9
6043,California,Mariposa,2012,,3.2,3.9,5.2,22.3
6045,California,Mendocino,2012,15.9,3.7,3.5,6.3,28.6
6047,California,Merced,2012,26.8,4.1,4.4,6.3,31.4
6049,California,Modoc,2012,,,,6.1,32.5
6051,California,Mono,2012,8.2,4,3.6,9,15
6053,California,Monterey,2012,22.6,3.3,3.8,6,25.9
6055,California,Napa,2012,14.7,3.7,4.1,6,14.7
6057,California,Nevada,2012,10.3,2.5,2.7,6.1,17.3
6059,California,Orange,2012,15.2,3.1,3.2,6.3,16.4
6061,California,Placer,2012,9.3,3.1,3.1,5.7,10.7
6063,California,Plumas,2012,6.8,3.2,3,6.2,22.3
6065,California,Riverside,2012,19.2,3.8,3.9,6.5,23.4
6067,California,Sacramento,2012,13.5,3.5,3.9,6.8,23.6
6069,California,San Benito,2012,17.6,3.1,2.6,5.7,17.4
6071,California,San Bernardino,2012,19.6,4.2,4,7,24.7
6073,California,San Diego,2012,15.5,3.4,3.4,6.5,19.1
6075,California,San Francisco,2012,16.4,3.1,3.3,7.1,14.7
6077,California,San Joaquin,2012,20,3.7,3.8,6.8,26
6079,California,San Luis Obispo,2012,11.2,3,3.7,6.2,15.1
6081,California,San Mateo,2012,14.1,3.2,2.8,6.6,8.5
6083,California,Santa Barbara,2012,21.8,3.6,2.8,6.4,21.7
6085,California,Santa Clara,2012,14.9,3.1,2.7,6.5,13.3
6087,California,Santa Cruz,2012,16.8,3.1,3.7,5.7,19
6089,California,Shasta,2012,12.4,3.8,3.9,6.2,25.4
6091,California,Sierra,2012,,,,,18.9
6093,California,Siskiyou,2012,19.4,4.3,4.5,7.4,30.7
6095,California,Solano,2012,16.3,4,3.5,7.1,17.9
6097,California,Sonoma,2012,13.9,3.8,3.9,5.5,14.8
6099,California,Stanislaus,2012,22.8,4,3.5,6.4,28.2
6101,California,Sutter,2012,24.6,3.8,2.5,5.7,23.5
6103,California,Tehama,2012,27.5,6.2,5.2,5.7,31.1
6105,California,Trinity,2012,,5.7,9.2,5.8,31.3
6107,California,Tulare,2012,26.5,5.1,5.1,6.1,33.6
6109,California,Tuolumne,2012,14.3,3.9,4,4.9,21.5
6111,California,Ventura,2012,14.3,3.6,3.6,6.5,15.3
6113,California,Yolo,2012,14.1,3.8,3,5.4,18.9
6115,California,Yuba,2012,22.2,3.6,4.6,6.6,28.2
6001,California,Alameda,2013,13.4,2.7,7.1,7.1,16.8
6003,California,Alpine,2013,,,,,29.3
6005,California,Amador,2013,11.9,2.9,4.9,4.9,19.3
6007,California,Butte,2013,11.8,3.5,5.8,5.8,28
6009,California,Calaveras,2013,9.7,1.9,5.9,5.9,20.4
6011,California,Colusa,2013,,1.3,5.3,5.3,19.5
6013,California,Contra Costa,2013,12.3,2.9,6.7,6.7,14.6
6015,California,Del Norte,2013,,,5.4,5.4,33.7
6017,California,El Dorado,2013,7,1.9,6.3,6.3,13.4
6019,California,Fresno,2013,19.1,3.5,7.4,7.4,35.4
6021,California,Glenn,2013,,1.6,4.7,4.7,26.6
6023,California,Humboldt,2013,9.9,3.6,6,6,26.3
6025,California,Imperial,2013,26.9,3.8,6.2,6.2,33.2
6027,California,Inyo,2013,,1.4,8.5,8.5,20.4
6029,California,Kern,2013,21.7,3.9,7.1,7.1,34.6
6031,California,Kings,2013,21.5,3.8,6.5,6.5,29.5
6033,California,Lake,2013,12.7,3.3,5.9,5.9,33.8
6035,California,Lassen,2013,10.5,2.6,6.3,6.3,19.3
6037,California,Los Angeles,2013,21.5,3.6,7.3,7.3,25.9
6039,California,Madera,2013,23.3,3,6.3,6.3,33.5
6041,California,Marin,2013,6.5,2.6,6.3,6.3,10.8
6043,California,Mariposa,2013,,1.7,5.1,5.1,24.3
6045,California,Mendocino,2013,12.4,2.7,6.3,6.3,31.4
6047,California,Merced,2013,18.3,3.6,6.4,6.4,35.8
6049,California,Modoc,2013,,,6,6,32.3
6051,California,Mono,2013,3,1.8,8.8,8.8,16.2
6053,California,Monterey,2013,18.7,2.9,5.9,5.9,24.5
6055,California,Napa,2013,11.5,2.7,6.1,6.1,16.6
6057,California,Nevada,2013,6.7,1.8,5.9,5.9,17.4
6059,California,Orange,2013,13.8,2.9,6.4,6.4,17.9
6061,California,Placer,2013,7.3,2.5,5.7,5.7,9.9
6063,California,Plumas,2013,3.1,1.4,5.3,5.3,21.9
6065,California,Riverside,2013,17.6,3.7,6.5,6.5,23
6067,California,Sacramento,2013,12.1,3.1,6.9,6.9,24.9
6069,California,San Benito,2013,13,2.1,6,6,17.6
6071,California,San Bernardino,2013,18.7,4,7.1,7.1,26.2
6073,California,San Diego,2013,14.5,3.2,6.6,6.6,19.2
6075,California,San Francisco,2013,14.8,2.9,7,7,16
6077,California,San Joaquin,2013,18.6,3.3,6.9,6.9,25
6079,California,San Luis Obispo,2013,9.5,2.7,6,6,17.5
6081,California,San Mateo,2013,10.8,2.8,6.7,6.7,10
6083,California,Santa Barbara,2013,18,3,6.2,6.2,21.1
6085,California,Santa Clara,2013,12.7,2.7,6.7,6.7,12.6
6087,California,Santa Cruz,2013,14.2,2.8,5.8,5.8,18.5
6089,California,Shasta,2013,11.5,3.2,6.2,6.2,25.3
6091,California,Sierra,2013,,,,,19.8
6093,California,Siskiyou,2013,14.4,2.9,7.4,7.4,31.6
6095,California,Solano,2013,13.2,3.1,7.1,7.1,18.4
6097,California,Sonoma,2013,11.7,3.2,5.8,5.8,15.9
6099,California,Stanislaus,2013,20.3,3.7,6.4,6.4,31.6
6101,California,Sutter,2013,15.7,2.9,5.8,5.8,24.5
6103,California,Tehama,2013,18.6,4.1,5.5,5.5,27.6
6105,California,Trinity,2013,,2.5,5,5,33.3
6107,California,Tulare,2013,22.5,4.1,6.2,6.2,33.7
6109,California,Tuolumne,2013,8.4,2.6,4.7,4.7,24.3
6111,California,Ventura,2013,12.9,3,6.5,6.5,16.4
6113,California,Yolo,2013,12.1,2.8,5.3,5.3,20.5
6115,California,Yuba,2013,16.2,3,6.2,6.2,27
6001,California,Alameda,2014,14.5,3,3.2,7.2,17.3
6003,California,Alpine,2014,,,,,29.1
6005,California,Amador,2014,17.5,4,4.2,5.3,18.5
6007,California,Butte,2014,17.3,4.5,4.5,5.9,27.1
6009,California,Calaveras,2014,21.4,4.3,4.3,5.5,20.9
6011,California,Colusa,2014,,2.9,2.6,5.5,20.2
6013,California,Contra Costa,2014,13.8,3.3,3.4,6.8,14.5
6015,California,Del Norte,2014,15.9,6.3,4,5.6,32.4
6017,California,El Dorado,2014,9.7,2.7,3.1,6.3,12.2
6019,California,Fresno,2014,23.4,4.2,3.7,7.4,40.1
6021,California,Glenn,2014,28.3,,3.1,5.1,26.3
6023,California,Humboldt,2014,12,4.1,3.9,5.7,27.2
6025,California,Imperial,2014,29,4.6,3.8,6,33
6027,California,Inyo,2014,,3.4,,8.9,19.2
6029,California,Kern,2014,23.7,4.7,4.2,7.2,33.3
6031,California,Kings,2014,26.9,5.4,4.3,6.5,27.9
6033,California,Lake,2014,20.4,4.9,4.5,6,31.5
6035,California,Lassen,2014,18.2,4.2,4.1,6.7,22.4
6037,California,Los Angeles,2014,22.4,3.8,3.7,7.3,27.3
6039,California,Madera,2014,31.1,4.3,4.6,6.4,35.4
6041,California,Marin,2014,9.7,3.4,3,6.2,10.3
6043,California,Mariposa,2014,16.5,3.2,3.4,5.3,25.1
6045,California,Mendocino,2014,16,4.2,4,6.2,31.4
6047,California,Merced,2014,23,4.6,4.2,6.5,35.6
6049,California,Modoc,2014,,,,6.3,31.3
6051,California,Mono,2014,,,3.1,8.1,17
6053,California,Monterey,2014,24,3.9,4.6,5.8,27.1
6055,California,Napa,2014,16.7,3.4,4,6.1,14
6057,California,Nevada,2014,9.2,3,3,5.8,17.6
6059,California,Orange,2014,14.5,3.1,3.2,6.5,18
6061,California,Placer,2014,8.7,2.7,2.9,5.7,11.6
6063,California,Plumas,2014,,4.1,3.4,6.2,23.5
6065,California,Riverside,2014,19.5,4,4.1,6.5,24.8
6067,California,Sacramento,2014,13.9,3.5,3.7,6.9,26.8
6069,California,San Benito,2014,18.1,3.6,2.6,6.2,18.1
6071,California,San Bernardino,2014,19.4,4.2,4.1,7.1,28.2
6073,California,San Diego,2014,16,3.5,3.7,6.6,19.9
6075,California,San Francisco,2014,16.4,3.1,3.1,7.1,16.3
6077,California,San Joaquin,2014,22,3.8,4,6.9,24.5
6079,California,San Luis Obispo,2014,11.6,3.1,3.5,6,16.7
6081,California,San Mateo,2014,12,3,3.2,6.7,11.1
6083,California,Santa Barbara,2014,21,3.7,3.3,6.1,21.2
6085,California,Santa Clara,2014,13.5,2.9,2.7,6.8,12.6
6087,California,Santa Cruz,2014,16.8,3.4,3.7,5.8,17.9
6089,California,Shasta,2014,15.8,4.1,4.1,6.2,25.9
6091,California,Sierra,2014,,,,,19.5
6093,California,Siskiyou,2014,19.5,4.6,4.9,7,32.2
6095,California,Solano,2014,17.4,4,3.3,7,18.7
6097,California,Sonoma,2014,14.4,3.9,3.4,5.8,15.2
6099,California,Stanislaus,2014,22.3,4.4,3.9,6.3,27.3
6101,California,Sutter,2014,19,4.3,3.3,5.7,24.1
6103,California,Tehama,2014,24.3,5.2,5,5.5,32
6105,California,Trinity,2014,16.7,4.6,9.2,4.8,34.1
6107,California,Tulare,2014,24.8,4.9,4.5,6.2,40.5
6109,California,Tuolumne,2014,13.2,3.7,3.7,4.8,20.8
6111,California,Ventura,2014,16.3,3.7,3.6,6.4,17.7
6113,California,Yolo,2014,16.7,3.6,3.2,5.4,17.6
6115,California,Yuba,2014,22.3,4.3,5.3,6.1,30.6
6001,California,Alameda,2015,14.5,3,3.2,7.250089991,15.4
6003,California,Alpine,2015,,,,,31.9
6005,California,Amador,2015,17.5,4,4.2,5.867475974,22.1
6007,California,Butte,2015,17.3,4.5,4.5,5.814556561,25
6009,California,Calaveras,2015,21.4,4.3,4.3,5.156683856,21.8
6011,California,Colusa,2015,,2.9,2.6,5.899104963,20
6013,California,Contra Costa,2015,13.8,3.3,3.4,6.766302827,13.4
6015,California,Del Norte,2015,15.9,6.3,4,5.172413793,32.6
6017,California,El Dorado,2015,9.7,2.7,3.1,6.348167539,13.8
6019,California,Fresno,2015,23.4,4.2,3.7,7.522024335,42
6021,California,Glenn,2015,28.3,,3.1,5.10238335,28.5
6023,California,Humboldt,2015,12,4.1,3.9,5.484611851,25.6
6025,California,Imperial,2015,29,4.6,3.8,5.960113439,30.9
6027,California,Inyo,2015,,3.4,,8.676092545,23.1
6029,California,Kern,2015,23.7,4.7,4.2,7.095431286,30.5
6031,California,Kings,2015,26.9,5.4,4.3,6.392894347,28
6033,California,Lake,2015,20.4,4.9,4.5,5.996822875,33.7
6035,California,Lassen,2015,18.2,4.2,4.1,6.583793739,19.9
6037,California,Los Angeles,2015,22.4,3.8,3.7,7.234957165,27.4
6039,California,Madera,2015,31.1,4.3,4.6,6.368170746,32.2
6041,California,Marin,2015,9.7,3.4,3,6.118557568,10.3
6043,California,Mariposa,2015,16.5,3.2,3.4,6.243996158,25.5
6045,California,Mendocino,2015,16,4.2,4,6.070328542,28.9
6047,California,Merced,2015,23,4.6,4.2,6.546028271,34.1
6049,California,Modoc,2015,,,,6.686930091,33.4
6051,California,Mono,2015,,,3.1,7.864164433,18.7
6053,California,Monterey,2015,24,3.9,4.6,5.761846364,24.4
6055,California,Napa,2015,16.7,3.4,4,6.12244898,13.7
6057,California,Nevada,2015,9.2,3,3,5.789938217,17.8
6059,California,Orange,2015,14.5,3.1,3.2,6.464124564,18.8
6061,California,Placer,2015,8.7,2.7,2.9,5.805713442,9.5
6063,California,Plumas,2015,,4.1,3.4,5.657237937,24.9
6065,California,Riverside,2015,19.5,4,4.1,6.513148505,24.2
6067,California,Sacramento,2015,13.9,3.5,3.7,6.841219118,25.9
6069,California,San Benito,2015,18.1,3.6,2.6,6.068268015,18.6
6071,California,San Bernardino,2015,19.4,4.2,4.1,7.103734149,26.7
6073,California,San Diego,2015,16,3.5,3.7,6.580560214,19.4
6075,California,San Francisco,2015,16.4,3.1,3.1,7.097715899,14.4
6077,California,San Joaquin,2015,22,3.8,4,6.971075084,26.4
6079,California,San Luis Obispo,2015,11.6,3.1,3.5,5.74919342,16.1
6081,California,San Mateo,2015,12,3,3.2,6.704146382,10
6083,California,Santa Barbara,2015,21,3.7,3.3,6.038607098,20.9
6085,California,Santa Clara,2015,13.5,2.9,2.7,6.792575635,12.9
6087,California,Santa Cruz,2015,16.8,3.4,3.7,5.781256647,18.9
6089,California,Shasta,2015,15.8,4.1,4.1,5.984736913,28.3
6091,California,Sierra,2015,,,,6.962025317,20.4
6093,California,Siskiyou,2015,19.5,4.6,4.9,7.213409159,28
6095,California,Solano,2015,17.4,4,3.3,6.958586125,17.8
6097,California,Sonoma,2015,14.4,3.9,3.4,5.677655678,16
6099,California,Stanislaus,2015,22.3,4.4,3.9,6.329180374,30.5
6101,California,Sutter,2015,19,4.3,3.3,5.756628692,25.4
6103,California,Tehama,2015,24.3,5.2,5,5.526992288,28.7
6105,California,Trinity,2015,16.7,4.6,9.2,4.670658683,34.6
6107,California,Tulare,2015,24.8,4.9,4.5,6.166836814,39.8
6109,California,Tuolumne,2015,13.2,3.7,3.7,4.699017199,21.6
6111,California,Ventura,2015,16.3,3.7,3.6,6.397854136,18
6113,California,Yolo,2015,16.7,3.6,3.2,5.367022187,17.9
6115,California,Yuba,2015,22.3,4.3,5.3,5.86585913,28
6001,California,Alameda,2016,13,3.4,3.3,7.24314432,14.3
6003,California,Alpine,2016,15.6,4.2,4.1,,28.2
6005,California,Amador,2016,12.7,3.5,3.5,6.313645621,18.6
6007,California,Butte,2016,15.2,4.2,4.2,5.810629485,24.3
6009,California,Calaveras,2016,11.8,3.3,3.5,4.827586207,20.6
6011,California,Colusa,2016,20.8,4.3,4,6.047879042,19.9
6013,California,Contra Costa,2016,13.8,3.6,3.5,6.737790314,13.8
6015,California,Del Norte,2016,17.2,4.3,4,4.892703863,31
6017,California,El Dorado,2016,11.6,3.4,3.4,6.272401434,13.1
6019,California,Fresno,2016,21.8,4.3,4.2,7.613530116,38
6021,California,Glenn,2016,19.5,4.3,4.1,5.852156058,23.7
6023,California,Humboldt,2016,14.7,4.1,4.1,5.467879688,23.9
6025,California,Imperial,2016,27.8,4.8,4.2,5.825509503,31.3
6027,California,Inyo,2016,14.1,3.7,3.8,8.403908795,20.2
6029,California,Kern,2016,20.8,4.2,4,7.123828414,32.9
6031,California,Kings,2016,21.6,4.4,4,6.380135842,33.8
6033,California,Lake,2016,17.9,4.3,4.2,6.060011767,32.3
6035,California,Lassen,2016,14.1,3.6,3.6,6.917086578,20.3
6037,California,Los Angeles,2016,20.6,3.9,3.6,7.189267649,26.7
6039,California,Madera,2016,22.8,4.5,4.2,6.393907191,30.7
6041,California,Marin,2016,10.7,3.1,3.2,6.230619042,10.1
6043,California,Mariposa,2016,13,3.6,3.7,6.102362205,25
6045,California,Mendocino,2016,17.4,4.2,4.2,5.868605557,26.2
6047,California,Merced,2016,22.9,4.7,4.1,6.630142379,35.9
6049,California,Modoc,2016,16.4,4.2,4.2,6.885758998,31.3
6051,California,Mono,2016,13.9,3.6,3.6,7.943925234,16.2
6053,California,Monterey,2016,19.9,4.1,3.8,5.72920934,25.2
6055,California,Napa,2016,14.2,3.5,3.4,6.100674813,12
6057,California,Nevada,2016,11.5,3.4,3.5,5.711263882,17.6
6059,California,Orange,2016,12.6,3.4,3.3,6.452573495,17.9
6061,California,Placer,2016,10.9,3.3,3.5,5.749563018,9.7
6063,California,Plumas,2016,13.9,3.8,3.9,6.148590948,21.6
6065,California,Riverside,2016,18.1,4.2,4,6.546531295,23.5
6067,California,Sacramento,2016,15.9,3.9,3.8,6.778178867,23.8
6069,California,San Benito,2016,17.6,3.9,3.6,6.359770752,19.8
6071,California,San Bernardino,2016,20.6,4.3,3.8,7.175817353,28.2
6073,California,San Diego,2016,14.3,3.4,3.6,6.568164258,18.9
6075,California,San Francisco,2016,11.2,3.2,3.1,7.089182362,13.6
6077,California,San Joaquin,2016,18.5,4,3.8,7.003713071,27.5
6079,California,San Luis Obispo,2016,13.1,3.5,3.6,5.872982158,15.6
6081,California,San Mateo,2016,11.6,3,3,6.698893971,9.8
6083,California,Santa Barbara,2016,16.8,3.9,3.6,6.022156538,22.6
6085,California,Santa Clara,2016,11.4,3,2.9,6.850240827,9.3
6087,California,Santa Cruz,2016,14.3,3.7,3.7,5.816250384,19.1
6089,California,Shasta,2016,14.5,3.9,4,6.137111395,20.3
6091,California,Sierra,2016,13.1,3.7,3.8,6.451612903,19
6093,California,Siskiyou,2016,16.5,4.2,4.1,7.459981879,30.3
6095,California,Solano,2016,15.5,3.5,3.6,6.922294766,16.5
6097,California,Sonoma,2016,13.3,3.4,3.6,5.708775823,13.6
6099,California,Stanislaus,2016,20.2,4.3,4.1,6.304118834,23.8
6101,California,Sutter,2016,16.7,3.9,3.8,5.806585645,20.8
6103,California,Tehama,2016,17.3,4.2,4,5.706319703,26.7
6105,California,Trinity,2016,15.2,4.1,4.1,5.658056581,31.7
6107,California,Tulare,2016,25.6,4.9,4.4,6.232398678,36.7
6109,California,Tuolumne,2016,13.4,3.7,3.7,4.483611627,20.5
6111,California,Ventura,2016,14.7,3.4,3.3,6.326179711,15.8
6113,California,Yolo,2016,16.2,3.9,3.7,5.506012312,17.5
6115,California,Yuba,2016,17.9,4.2,4,6.015037594,28.6
6001,California,Alameda,2017,11.13081599,2.973135393,3.199978411,7.229701335,13.8
6003,California,Alpine,2017,17.15019408,4.510960255,4.309987306,,35.7
6005,California,Amador,2017,12.60502935,3.468390838,3.531596194,6.428571429,19.5
6007,California,Butte,2017,16.39278739,4.313042692,4.100053349,5.830750336,23.8
6009,California,Calaveras,2017,12.39610284,3.608717215,3.708436763,5.300207039,21.2
6011,California,Colusa,2017,20.22350086,4.195037718,3.913952735,6.403508772,19.4
6013,California,Contra Costa,2017,12.05071755,3.302289394,3.458907653,6.749890797,12.7
6015,California,Del Norte,2017,17.77421802,4.399427181,4.116847299,5.137135394,33.8
6017,California,El Dorado,2017,12.00298901,3.703026111,3.502431086,6.28601362,11.6
6019,California,Fresno,2017,22.92290681,4.464850188,4.03541281,7.703821797,36.3
6021,California,Glenn,2017,19.90696622,4.323485214,4.075388774,6.095041322,25.7
6023,California,Humboldt,2017,15.71548208,4.388791192,4.187865955,5.497603609,23
6025,California,Imperial,2017,27.06973818,4.659593256,4.126724407,5.76291294,31.4
6027,California,Inyo,2017,14.72772915,3.88883392,3.825993439,8.468002586,19.9
6029,California,Kern,2017,22.68648984,4.509806056,4.114123992,7.085336716,31.3
6031,California,Kings,2017,22.58207193,4.513332941,4.034061714,6.349115802,28.4
6033,California,Lake,2017,18.18203282,4.501604617,4.360016204,6.368802665,30.2
6035,California,Lassen,2017,14.38214773,3.755492343,3.615486806,7.15903942,19.7
6037,California,Los Angeles,2017,19.1837263,3.582991891,3.695492706,7.124611667,23.5
6039,California,Madera,2017,22.75410394,4.699506387,4.269244861,6.286435483,32.3
6041,California,Marin,2017,10.97888618,3.215387781,3.443265522,6.231244484,8.8
6043,California,Mariposa,2017,13.62832133,3.788028852,3.843279423,6.225296443,24.1
6045,California,Mendocino,2017,16.80776819,4.282321191,4.082562308,5.887788779,27.3
6047,California,Merced,2017,26.87007469,5.025617706,4.165473267,6.587984264,35.9
6049,California,Modoc,2017,16.75426977,4.261601478,4.146218563,6.615384615,31.1
6051,California,Mono,2017,14.3288783,3.665240002,3.672077363,7.772511848,17.3
6053,California,Monterey,2017,22.24583129,4.139367353,3.810090019,5.83785596,22.3
6055,California,Napa,2017,14.10453306,3.46872673,3.41890882,6.226800297,12.1
6057,California,Nevada,2017,12.15711077,3.391268555,3.656990502,5.439404678,16.4
6059,California,Orange,2017,14.96820388,3.520544452,3.48836563,6.416083021,16.8
6061,California,Placer,2017,11.65728089,3.346723215,3.47770157,5.633643165,9
6063,California,Plumas,2017,14.11177611,3.902281189,3.936686112,6.731620904,22.5
6065,California,Riverside,2017,20.16634521,4.072532603,3.908424126,6.526736447,22.6
6067,California,Sacramento,2017,17.06561273,3.78435008,3.88512591,6.795550659,22.7
6069,California,San Benito,2017,17.6775296,3.665291879,3.640777745,6.088454911,14
6071,California,San Bernardino,2017,22.17670622,4.444387447,4.011478999,7.153933959,27.3
6073,California,San Diego,2017,14.94781749,3.539069581,3.411059069,6.495686059,17.8
6075,California,San Francisco,2017,12.73861466,3.170278484,3.30114294,7.010556622,13.5
6077,California,San Joaquin,2017,19.00725854,3.81191466,3.748978385,7.036859084,23.7
6079,California,San Luis Obispo,2017,13.75423292,3.837053786,3.699678009,5.802728793,14.6
6081,California,San Mateo,2017,10.88229108,3.004381496,2.989343246,6.69662225,9.7
6083,California,Santa Barbara,2017,18.36876778,3.861864007,3.650669412,5.992272738,20
6085,California,Santa Clara,2017,11.55228564,2.96657513,3.029473318,6.878771385,9
6087,California,Santa Cruz,2017,15.69215171,3.947698523,3.627041206,5.700179533,17.6
6089,California,Shasta,2017,14.41406768,3.905040142,4.025578863,5.940594059,26.5
6091,California,Sierra,2017,14.09686523,3.876131637,3.89436374,7.534246575,17.4
6093,California,Siskiyou,2017,16.74963675,4.262415376,4.158356063,7.483831229,31.4
6095,California,Solano,2017,15.53032179,3.720061484,3.479243373,6.857919783,15.8
6097,California,Sonoma,2017,13.97170914,3.526531815,3.5535547,5.696151467,14
6099,California,Stanislaus,2017,19.66680389,4.595791568,4.106390283,6.232973141,26.6
6101,California,Sutter,2017,18.04244194,4.159712171,3.77074113,6.097819183,24.4
6103,California,Tehama,2017,17.3341585,4.238666589,4.150466595,5.683080341,32.1
6105,California,Trinity,2017,16.25090092,4.289937689,4.177760155,6.195786865,32.1
6107,California,Tulare,2017,26.25216814,4.972389966,4.310709242,6.340804945,36.3
6109,California,Tuolumne,2017,13.40887205,3.67707313,3.758410592,5.009334163,21.6
6111,California,Ventura,2017,15.08224147,3.671398323,3.504633942,6.292895748,14.3
6113,California,Yolo,2017,16.25390207,3.851152202,3.758166541,5.540744175,16.8
6115,California,Yuba,2017,18.33960605,4.278579382,4.090524978,5.90487239,31.7
6001,California,Alameda,2018,12.68649669,3.050570055,3.345909087,7.23942562,12.4
6003,California,Alpine,2018,16.95788476,4.125162805,4.364018034,,33.9
6005,California,Amador,2018,13.0682275,3.348688458,3.595120876,7.239819005,16.8
6007,California,Butte,2018,16.27319333,4.016653352,4.147860252,5.957820738,22.9
6009,California,Calaveras,2018,12.84324303,3.438810976,3.683955947,5.050916497,20.4
6011,California,Colusa,2018,19.46637885,3.886364331,3.871948665,6.509695291,15.5
6013,California,Contra Costa,2018,12.14341659,3.16378102,3.403302166,6.838400966,10.3
6015,California,Del Norte,2018,17.51144731,4.025929997,4.076995583,5.309734513,30
6017,California,El Dorado,2018,11.29312585,3.356660912,3.738504263,6.480648065,10
6019,California,Fresno,2018,24.17111184,4.199334433,3.893113115,7.680039148,37
6021,California,Glenn,2018,20.68696217,4.16160668,4.080279614,6.225117626,23.2
6023,California,Humboldt,2018,16.48021378,4.155891863,4.279223942,5.593399213,21.4
6025,California,Imperial,2018,26.69976811,4.439603745,4.12036599,5.519600592,32.9
6027,California,Inyo,2018,14.15127758,3.47309076,3.832014225,7.513661202,18.8
6029,California,Kern,2018,24.0440379,4.057535422,4.081243352,7.140477176,31.1
6031,California,Kings,2018,21.71846518,4.15332132,3.840587503,6.379155436,21.4
6033,California,Lake,2018,18.34352422,4.19417095,4.371985908,6.490478041,29.9
6035,California,Lassen,2018,15.35417201,3.65573645,3.743691833,7.481412639,19.3
6037,California,Los Angeles,2018,18.80944795,3.658285068,3.640230338,7.104075409,23.4
6039,California,Madera,2018,22.85716595,4.246302011,4.227867765,6.363134319,30.3
6041,California,Marin,2018,11.0283905,2.988691328,3.295683469,5.974264706,8.5
6043,California,Mariposa,2018,13.90793104,3.608513681,3.847815726,6.4453125,27.6
6045,California,Mendocino,2018,17.38762025,4.128927102,4.147225949,6.021155411,26.8
6047,California,Merced,2018,24.6018615,4.349290221,4.329580085,6.370163678,27
6049,California,Modoc,2018,16.33431459,3.890919687,4.082404752,6.24,30.2
6051,California,Mono,2018,14.20798333,3.478548,3.662408717,7.163886163,14.8
6053,California,Monterey,2018,22.44785996,3.750611903,3.490194295,5.918140387,18.9
6055,California,Napa,2018,14.06497811,3.366684561,3.568570562,5.846422339,9.7
6057,California,Nevada,2018,11.58769921,3.205260396,3.639070881,5.823186871,13.7
6059,California,Orange,2018,15.29273031,3.46029603,3.347935868,6.356352595,14.5
6061,California,Placer,2018,10.73686938,3.057675865,3.410091698,5.65922066,7.6
6063,California,Plumas,2018,13.77933828,3.611642184,3.915894013,8.355795148,22.6
6065,California,Riverside,2018,19.16145726,3.845149206,3.560800842,6.566572398,20.9
6067,California,Sacramento,2018,15.44768872,3.673447458,3.8495857,6.839379742,23.1
6069,California,San Benito,2018,18.34787665,3.549886752,3.53863564,6.351981352,14.6
6071,California,San Bernardino,2018,19.74832113,4.065627021,3.931335167,7.213520771,25.7
6073,California,San Diego,2018,13.06946896,3.163519599,3.654774752,6.476706667,16.4
6075,California,San Francisco,2018,11.82611986,2.97139397,3.230278013,6.997014735,11.3
6077,California,San Joaquin,2018,20.41223831,3.895828051,4.000133286,7.146669663,19.1
6079,California,San Luis Obispo,2018,13.12974492,3.529517793,3.710454662,5.864164045,11.1
6081,California,San Mateo,2018,11.52598811,2.726213379,2.948115608,6.854074542,7.7
6083,California,Santa Barbara,2018,17.64525178,3.804696519,3.461194628,6.168051246,16.4
6085,California,Santa Clara,2018,11.58074444,2.895257355,2.900524331,6.943890078,10.4
6087,California,Santa Cruz,2018,16.36196586,3.687224411,3.88380073,5.625118573,15.2
6089,California,Shasta,2018,14.93934321,3.741690606,4.124843663,6.152477416,24.6
6091,California,Sierra,2018,13.57903003,3.502546202,3.803695042,6.707317073,20.4
6093,California,Siskiyou,2018,17.31187146,4.088932989,4.2493289,7.766387077,27.3
6095,California,Solano,2018,14.83002348,3.363441139,3.586918686,6.686392169,16.2
6097,California,Sonoma,2018,13.01988738,3.405705031,3.809263058,5.718126068,11.2
6099,California,Stanislaus,2018,18.83067866,3.850544435,3.932331114,6.282323176,19.1
6101,California,Sutter,2018,18.2410647,3.814746921,3.72483186,6.30562188,24.8
6103,California,Tehama,2018,18.73571049,4.234539993,4.29424039,6.020313943,28.8
6105,California,Trinity,2018,17.35416229,4.211290917,4.364050881,5.641025641,30.9
6107,California,Tulare,2018,26.61324539,4.450641432,4.017906681,6.484432913,32.7
6109,California,Tuolumne,2018,13.84355252,3.482128934,3.703577481,5.829457364,20.4
6111,California,Ventura,2018,14.94540915,3.296720285,3.497801833,6.167123288,12.5
6113,California,Yolo,2018,16.22094957,3.684050162,3.751757963,5.754800591,15.2
6115,California,Yuba,2018,18.17917144,4.073627033,4.016406982,6.101575359,23.8
